{"loss": [1.3788273334503174, 0.855521559715271], "accuracy": [0.49862000346183777, 0.7004200220108032], "val_loss": [0.9968256950378418, 0.7970837950706482], "val_accuracy": [0.6518999934196472, 0.7232999801635742]}