{"loss": [1.4464731216430664, 0.9361451268196106, 0.7197964787483215, 0.5895068049430847, 0.4766235649585724, 0.3807906210422516, 0.30446356534957886, 0.24786217510700226, 0.20659735798835754, 0.17719949781894684], "accuracy": [0.47304001450538635, 0.6721400022506714, 0.7490800023078918, 0.793940007686615, 0.8329600095748901, 0.8657799959182739, 0.8934800028800964, 0.9126799702644348, 0.9262999892234802, 0.9376800060272217], "val_loss": [1.1770942211151123, 0.8519517779350281, 0.7847016453742981, 0.7405140995979309, 0.7369146347045898, 0.8094061017036438, 0.7963853478431702, 0.9174555540084839, 0.9893168807029724, 1.0211976766586304], "val_accuracy": [0.5837000012397766, 0.697700023651123, 0.7271000146865845, 0.7465999722480774, 0.7570000290870667, 0.7450000047683716, 0.7615000009536743, 0.7620999813079834, 0.7580000162124634, 0.7598000168800354]}